,City,Cloudiness,Country,Date,Humidity,Lat,Lng,Max Temp,Wind Speed
0,Aripuanã,96,BR,1617749582,92,-9.1667,-60.6333,75.34,2.13
1,Ushuaia,75,AR,1617749586,66,-54.8,-68.3,51.8,6.26
2,Fairbanks,1,US,1617749538,67,64.8378,-147.7164,15.01,3.44
3,Fort Nelson,90,CA,1617749768,69,58.8053,-122.7002,30.2,9.22
4,Bluff,100,NZ,1617749769,82,-46.6,168.3333,57.99,8.99
5,Chui,8,UY,1617749769,88,-33.6971,-53.4616,67.3,7.52
6,Río Gallegos,20,AR,1617749767,87,-51.6226,-69.2181,51.8,8.05
7,Puerto Madryn,99,AR,1617749770,87,-42.7692,-65.0385,66.79,11.95
8,Albany,20,US,1617749639,23,42.6001,-73.9662,64.4,8.05
9,Saint George,1,US,1617749770,8,37.1041,-113.5841,75.0,18.41
10,East London,54,ZA,1617749770,81,-33.0153,27.9116,65.93,14.23
11,Abbeville,73,FR,1617749771,83,50.1,1.8333,32.0,5.82
12,Aktau,0,KZ,1617749771,81,43.65,51.2,39.2,8.95
13,Butaritari,100,KI,1617749771,80,3.0707,172.7902,79.95,8.46
14,Coquimbo,0,CL,1617749772,77,-29.9533,-71.3436,62.6,11.5
15,Tignère,65,CM,1617749772,23,7.3667,12.65,78.24,2.06
16,Busselton,81,AU,1617749772,98,-33.65,115.3333,61.0,1.01
17,Tucuruí,70,BR,1617749773,74,-3.7661,-49.6725,80.35,3.83
18,Punta Arenas,75,CL,1617749773,87,-53.15,-70.9167,48.2,11.5
19,Avarua,90,CK,1617749773,65,-21.2078,-159.775,82.4,13.8
20,Mataura,100,NZ,1617749774,82,-46.1927,168.8643,57.99,8.99
21,Kurumkan,28,RU,1617749774,79,54.3,110.3,25.88,2.77
22,Sandnessjøen,40,NO,1617749774,65,66.0217,12.6316,37.4,21.85
23,Barrow,20,US,1617749773,71,71.2906,-156.7887,-2.2,9.22
24,Qaanaaq,100,GL,1617749769,82,77.484,-69.3632,-0.81,2.28
25,Katsuura,75,JP,1617749775,66,35.1333,140.3,52.0,9.22
26,Zamora,91,EC,1617749775,98,-4.0692,-78.9567,70.93,1.07
27,Pozo Colorado,100,PY,1617749776,53,-23.4923,-58.7972,80.8,4.79
28,Half Moon Bay,90,US,1617749589,82,37.4636,-122.4286,66.99,11.5
29,Vaini,20,TO,1617749776,69,-21.2,-175.2,80.6,10.36
30,Atuona,81,PF,1617749777,77,-9.8,-139.0333,81.05,10.58
31,Port-Cartier,90,CA,1617749777,93,50.0334,-66.8654,50.0,5.75
32,Iqaluit,75,CA,1617749777,92,63.7506,-68.5145,15.8,11.5
33,Jimma,98,ET,1617749778,69,7.6667,36.8333,63.86,1.79
34,Bathsheba,40,BB,1617749778,61,13.2167,-59.5167,80.6,12.66
35,Severo-Kuril'sk,14,RU,1617749779,68,50.6789,156.125,27.9,12.26
36,Puerto Escondido,90,MX,1617749779,70,15.85,-97.0667,86.0,9.22
37,Rikitea,9,PF,1617749779,70,-23.1203,-134.9692,77.29,8.88
38,Kahului,40,US,1617749763,53,20.8947,-156.47,78.8,18.41
39,Mehamn,99,NO,1617749780,81,71.0357,27.8492,31.44,22.75
40,Port Blair,87,IN,1617749780,77,11.6667,92.75,79.9,3.78
41,Ishigaki,20,JP,1617749781,68,24.3448,124.1572,68.0,14.97
42,Marzuq,11,YE,1617749781,41,14.4,46.4667,66.2,1.12
43,Chipinge,11,ZW,1617749781,95,-20.1883,32.6236,55.38,6.02
44,Mackenzie,90,CA,1617749782,56,55.2999,-123.1698,39.2,13.8
45,Cochrane,1,CA,1617749782,21,51.1834,-114.4687,57.99,9.22
46,Narsaq,75,GL,1617749782,87,60.9167,-46.05,35.6,1.14
47,Yellowknife,90,CA,1617749783,73,62.456,-114.3525,19.4,14.97
48,Clyde River,20,CA,1617749783,57,70.4692,-68.5914,14.0,3.15
49,Salamiyah,65,SY,1617749783,20,35.0113,37.0532,69.13,21.41
50,Hubli,17,IN,1617749784,73,15.35,75.1667,74.19,6.15
51,Saint Paul Harbor,1,US,1617749784,48,57.79,-152.4072,41.0,13.8
52,Jiazi,75,CN,1617749784,77,22.8779,116.067,66.65,16.31
53,Henties Bay,0,NA,1617749785,83,-22.116,14.2845,63.18,7.81
54,Banepā,20,NP,1617749785,76,27.6298,85.5214,53.6,3.87
55,Alenquer,20,BR,1617749785,89,-1.9417,-54.7383,80.6,3.44
56,Xichang,98,CN,1617749786,84,27.8964,102.2634,53.89,1.57
57,Kapaa,75,US,1617749776,57,22.0752,-159.319,75.2,23.02
58,Tura,49,IN,1617749786,30,25.5198,90.2201,72.81,5.64
59,Itarema,99,BR,1617749787,78,-2.9248,-39.9167,80.4,12.8
60,Ous,61,RU,1617749787,96,60.9058,61.5186,26.01,3.47
61,Codrington,12,AU,1617749787,73,-38.2667,141.9667,58.75,6.35
62,Hilo,90,US,1617749787,83,19.7297,-155.09,69.8,5.75
63,Hobart,20,AU,1617749671,77,-42.8794,147.3294,57.2,6.91
64,Independence,1,US,1617749746,46,39.0911,-94.4155,77.0,17.27
65,Mackay,90,AU,1617749788,88,-21.15,149.2,80.01,5.75
66,Ostrovnoy,100,RU,1617749788,86,68.0531,39.5131,30.18,18.16
67,Hofn,100,IS,1617749789,60,64.2539,-15.2082,23.2,2.04
68,Thompson,40,CA,1617749789,52,55.7435,-97.8558,41.0,5.75
69,Port Elizabeth,0,ZA,1617749789,94,-33.918,25.5701,60.8,2.3
70,Cape Town,0,ZA,1617749790,94,-33.9258,18.4232,62.01,9.22
71,George Town,20,MY,1617749790,94,5.4112,100.3354,79.0,5.1
72,Ponta do Sol,20,PT,1617749790,72,32.6667,-17.1,64.4,13.8
73,Cherskiy,22,RU,1617749791,86,68.75,161.3,-9.29,0.96
74,Lixouri,3,GR,1617749791,81,38.2019,20.4314,55.87,10.2
75,San Rafael,32,AR,1617749791,46,-34.6177,-68.3301,78.6,12.5
76,Zhigansk,97,RU,1617749792,99,66.7697,123.3711,-7.55,11.99
77,Jamestown,20,US,1617749792,45,42.097,-79.2353,66.2,3.44
78,Ust-Nera,95,RU,1617749792,91,64.5667,143.2,8.28,1.59
79,Moose Factory,90,CA,1617749793,75,51.2585,-80.6094,42.8,5.75
80,Mgandu,70,TZ,1617749793,97,-5.95,34.1333,60.1,5.03
81,Sinnamary,89,GF,1617749794,85,5.3833,-52.95,78.35,10.04
82,Geraldton,60,AU,1617749794,77,-28.7667,114.6,68.0,5.75
83,Mahébourg,75,MU,1617749497,94,-20.4081,57.7,77.0,3.44
84,New Norfolk,39,AU,1617749795,76,-42.7826,147.0587,57.0,2.08
85,Bethel,1,US,1617749795,24,41.3712,-73.414,66.2,12.66
86,Minna,0,NG,1617749795,35,9.6139,6.5569,91.4,6.91
87,Yumen,6,CN,1617749796,49,40.2833,97.2,41.56,8.14
88,Cidreira,0,BR,1617749796,81,-30.1811,-50.2056,73.33,15.19
89,Bac Lieu,86,VN,1617749796,71,9.285,105.7244,81.41,13.98
90,Westport,1,US,1617749797,26,41.1415,-73.3579,66.2,13.8
91,Marawi,100,PH,1617749797,87,7.9986,124.2928,75.99,5.01
92,Andreapol',100,RU,1617749797,74,56.6513,32.2664,30.9,4.16
93,Tocopilla,23,CL,1617749798,76,-22.092,-70.1979,71.11,12.3
94,Upernavik,100,GL,1617749798,92,72.7868,-56.1549,5.13,14.74
95,Ingham,75,US,1617749690,38,42.6,-84.3833,75.2,6.91
96,Port Alfred,57,ZA,1617749798,86,-33.5906,26.891,63.95,13.53
97,Husavik,0,IS,1617749799,62,66.0449,-17.3389,15.8,2.3
98,Provideniya,0,RU,1617749799,61,64.3833,-173.3,8.6,6.71
99,Am Timan,5,TD,1617749561,12,11.0297,20.2827,87.42,6.91
100,Vidor,90,US,1617749800,65,30.1316,-94.0155,77.0,14.97
101,Karsun,96,RU,1617749800,96,54.1994,46.9827,30.85,6.6
102,Morondava,0,MG,1617749800,77,-20.2833,44.2833,73.27,5.3
103,Sola,100,VU,1617749801,76,-13.8833,167.55,80.98,13.33
104,Bonwapitse,0,BW,1617749801,56,-23.0766,26.7037,66.74,17.92
105,Salinópolis,86,BR,1617749535,83,-0.6136,-47.3561,79.77,10.04
106,Airai,77,TL,1617749801,79,-8.9266,125.4092,64.74,0.56
107,Fernley,0,US,1617749767,11,39.608,-119.2518,68.0,5.01
108,Lompoc,95,US,1617749604,63,34.6391,-120.4579,61.0,16.11
109,Hithadhoo,98,MV,1617749802,62,-0.6,73.0833,82.99,8.79
110,Khatanga,99,RU,1617749802,100,71.9667,102.5,-12.71,6.24
111,Cayenne,75,GF,1617749803,100,4.9333,-52.3333,81.0,4.61
112,Hermanus,19,ZA,1617749798,92,-34.4187,19.2345,57.99,1.99
113,Mar del Plata,40,AR,1617749767,94,-38.0023,-57.5575,70.0,11.5
114,Tianjin,0,CN,1617749803,76,39.1422,117.1767,48.2,2.24
115,Puerto Ayora,20,EC,1617749804,83,-0.7393,-90.3518,80.6,10.36
116,Maturin,59,VE,1617749804,64,9.75,-63.1767,81.54,8.68
117,Sechura,94,PE,1617749804,59,-5.5569,-80.8222,80.78,12.48
118,Zapolyarnyy,75,RU,1617749805,74,69.4154,30.8136,30.2,13.8
119,Ovsyanka,40,RU,1617749805,70,55.9575,92.5519,39.2,8.95
120,Torbay,90,CA,1617749806,100,47.6666,-52.7314,37.0,11.5
121,Lebu,100,CL,1617749806,90,-37.6167,-73.65,57.49,6.26
122,Turan,40,VN,1617749670,88,16.0678,108.2208,77.0,1.14
123,Chokurdakh,99,RU,1617749806,78,70.6333,147.9167,-7.96,2.51
124,Strezhevoy,90,RU,1617749807,100,60.7333,77.5889,32.0,8.95
125,Balakhta,100,RU,1617749807,99,55.38,91.6,32.99,2.24
126,Margate,28,GB,1617749807,54,51.3813,1.3862,37.0,11.01
127,Hong Kong,86,HK,1617749715,81,22.2855,114.1577,73.0,4.0
128,Tuktoyaktuk,75,CA,1617749808,77,69.4541,-133.0374,-7.6,10.36
129,Olafsvik,83,IS,1617749598,71,64.8945,-23.7142,28.87,9.35
130,Santa Cruz,75,MA,1617749808,82,30.4202,-9.5982,62.6,4.61
131,Arraial do Cabo,75,BR,1617749809,83,-22.9661,-42.0278,75.2,4.61
132,Luanda,75,AO,1617749809,78,-8.8368,13.2343,78.8,18.41
133,Tasiilaq,75,GL,1617749809,86,65.6145,-37.6368,23.0,19.57
134,Kota,0,IN,1617749810,16,25.1833,75.8333,82.13,9.6
135,Nome,1,US,1617749719,45,64.5011,-165.4064,15.8,7.2
136,Kavieng,100,PG,1617749810,80,-2.5744,150.7967,80.2,7.09
137,West Odessa,93,US,1617749811,5,31.8424,-102.4988,91.4,26.46
138,Vardø,75,NO,1617749811,69,70.3705,31.1107,33.8,25.32
139,West Bay,40,KY,1617749811,69,19.3667,-81.4167,80.6,14.97
140,Esperance,90,AU,1617749812,100,-33.8667,121.9,64.4,5.75
141,Bengkulu,76,ID,1617749812,86,-3.8004,102.2655,73.69,4.25
142,Miraflores,90,MX,1617749812,26,19.2167,-98.8083,69.8,16.11
143,Shimoda,64,JP,1617749813,69,34.6667,138.95,55.0,3.0
144,Igarka,100,RU,1617749813,99,67.4667,86.5833,32.9,5.53
145,Yanam,45,IN,1617749813,91,16.7333,82.2167,72.55,1.52
146,Humaitá,96,BR,1617749814,93,-7.5061,-63.0208,76.08,1.12
147,Noumea,90,NC,1617749648,65,-22.2763,166.4572,81.0,5.75
148,Isla Mujeres,75,MX,1617749814,57,21.2311,-86.731,82.4,20.71
149,Aasiaat,64,GL,1617749815,79,68.7098,-52.8699,12.0,9.51
150,Leshukonskoye,100,RU,1617749815,87,64.8989,45.7622,37.74,12.84
151,Pevek,100,RU,1617749815,97,69.7008,170.3133,-13.95,6.26
152,Gusau,0,NG,1617749816,12,12.1628,6.6614,86.72,6.78
153,Kodinsk,72,RU,1617749816,98,58.6881,99.1844,32.86,4.03
154,Tumpat,20,MY,1617749816,94,6.1978,102.171,77.0,3.44
155,Manicoré,96,BR,1617749817,96,-5.8092,-61.3003,75.51,1.79
156,Beira,2,MZ,1617749817,62,-19.8436,34.8389,74.73,8.08
157,São Desidério,85,BR,1617749817,41,-12.3633,-44.9733,82.8,2.8
158,Synya,100,RU,1617749818,91,65.3718,58.0387,34.16,8.66
159,Sīrjān,0,IR,1617749818,10,29.452,55.6814,57.25,3.85
160,Nyurba,100,RU,1617749818,94,63.2842,118.3319,14.36,7.7
161,Kaitangata,100,NZ,1617749819,68,-46.2817,169.8464,57.33,4.59
162,Norman Wells,75,CA,1617749819,47,65.282,-126.8329,8.6,4.61
163,Suicheng,100,CN,1617749720,73,33.8963,117.9331,52.36,4.97
164,Corvallis,1,US,1617749591,48,44.5646,-123.262,63.0,4.61
165,Komsomolets,100,KZ,1617749820,98,53.7453,62.0708,33.28,7.92
166,Carnarvon,70,AU,1617749820,78,-24.8667,113.6333,75.2,11.5
167,Serravalle Pistoiese,98,IT,1617749820,63,43.9061,10.8327,42.01,8.46
168,Balkhash,28,KZ,1617749821,76,46.844,74.9804,41.43,7.81
169,Dudinka,79,RU,1617749821,94,69.4058,86.1778,9.45,11.41
170,Caravelas,2,BR,1617749822,69,-17.7125,-39.2481,74.88,4.81
171,San Patricio,40,US,1617749822,65,28.017,-97.5169,79.0,32.21
172,Tungor,100,RU,1617749822,94,53.3808,142.9564,29.03,15.21
173,Nísia Floresta,0,BR,1617749587,74,-6.0911,-35.2086,80.6,12.66
174,Fortuna,1,US,1617749823,71,40.5982,-124.1573,57.99,17.27
175,Ambovombe,55,MG,1617749823,80,-25.1667,46.0833,71.89,11.5
176,Dali,24,CN,1617749824,92,25.7,100.1833,47.5,2.57
177,Ilulissat,90,GL,1617749824,79,69.2167,-51.1,17.6,8.05
178,Kalmar,48,SE,1617749824,75,56.6616,16.3616,37.0,6.91
179,Kaputa,99,ZM,1617749825,89,-8.4689,29.6619,69.13,2.59
180,Teya,100,RU,1617749825,94,60.3778,92.6267,31.6,7.09
181,Kinkala,20,CG,1617749825,83,-4.3614,14.7644,80.6,3.44
182,Padang,20,ID,1617749826,94,-0.9492,100.3543,75.2,2.3
183,Saint-Philippe,0,RE,1617749826,69,-21.3585,55.7679,77.0,4.61
184,Muros,1,ES,1617749827,65,42.7762,-9.0603,52.0,20.74
185,Alofi,40,NU,1617749827,74,-19.0595,-169.9187,84.2,6.91
186,Payo,92,ID,1617749827,85,-3.7508,103.6372,70.02,1.92
187,Valparaíso,0,CL,1617749528,52,-33.0393,-71.6273,66.2,8.05
188,Fayetteville,20,US,1617749599,18,35.0527,-78.8784,82.4,8.05
189,Monrovia,75,LR,1617749828,94,6.3005,-10.7969,78.8,2.1
190,Cabo San Lucas,1,MX,1617749715,50,22.8909,-109.9124,81.0,4.61
191,Najrān,7,SA,1617749828,22,17.4924,44.1277,66.2,3.33
192,Pinega,100,RU,1617749829,92,64.7001,43.3936,32.22,7.25
193,Dikson,92,RU,1617749829,100,73.5069,80.5464,-7.33,6.62
194,Bredasdorp,43,ZA,1617749786,94,-34.5322,20.0403,59.0,2.64
195,Graham,1,US,1617749829,38,47.0529,-122.2943,62.01,3.47
196,Flinders,48,AU,1617749830,95,-34.5833,150.8552,72.0,1.01
197,Aklavik,90,CA,1617749595,55,68.2191,-135.0107,3.2,2.3
198,Longyearbyen,75,SJ,1617749697,67,78.2186,15.6401,12.2,21.85
199,Dondo,1,MZ,1617749830,72,-19.6094,34.7431,68.72,3.31
200,Laguna,1,US,1617749831,38,38.421,-121.4238,78.01,3.44
201,Agüimes,40,ES,1617749831,72,27.9054,-15.4461,66.99,4.61
202,Portland,1,US,1617749831,33,45.5234,-122.6762,64.99,6.91
203,Nanortalik,100,GL,1617749832,98,60.1432,-45.2371,34.52,12.33
204,Grindavik,0,IS,1617749832,63,63.8424,-22.4338,26.6,1.14
205,Aykhal,100,RU,1617749833,95,66.0,111.5,23.58,6.44
206,Bud,75,US,1617749833,41,39.447,-86.1758,77.0,8.05
207,Saskylakh,100,RU,1617749833,95,71.9167,114.0833,8.69,6.82
208,Brae,90,GB,1617749834,80,60.3964,-1.353,33.8,21.85
209,Kutiyāna,0,IN,1617749834,76,21.6233,69.9817,76.35,5.99
210,Nemuro,100,JP,1617749834,74,43.3236,145.575,34.02,8.21
211,Qeshm,0,IR,1617749699,88,26.9581,56.2719,71.6,0.67
212,Mersing,99,MY,1617749553,94,2.4312,103.8405,78.8,3.44
213,Kargasok,100,RU,1617749835,85,59.0556,80.8572,34.43,14.61
214,Koslan,81,RU,1617749835,82,63.4564,48.8989,36.52,11.41
215,Itoman,20,JP,1617749836,60,26.1247,127.6694,68.0,20.71
216,Khandyga,83,RU,1617749836,95,62.6667,135.6,-7.83,1.48
217,São Filipe,0,CV,1617749836,65,14.8961,-24.4956,75.22,9.17
218,Rāyagada,6,IN,1617749837,77,19.1667,83.4167,74.21,2.3
219,Whitecourt,90,CA,1617749837,43,54.1502,-115.6855,48.2,3.44
220,Kindu,91,CD,1617749837,98,-2.95,25.95,69.17,1.14
221,Santa Cruz de la Sierra,75,BO,1617749547,69,-17.8,-63.1667,86.0,3.44
222,Cedar City,1,US,1617749599,10,37.6775,-113.0619,57.99,10.36
223,San Andrés,40,CO,1617749838,62,12.5847,-81.7006,86.0,11.5
224,Marsh Harbour,11,BS,1617749838,50,26.5412,-77.0636,69.31,7.92
225,Boyabat,100,TR,1617749839,50,41.4689,34.7667,60.4,3.33
226,Saldanha,3,ZA,1617749839,72,-33.0117,17.9442,60.8,4.61
227,Collie,92,AU,1617749840,90,-33.3667,116.15,57.99,1.01
228,Tezu,9,IN,1617749840,32,27.9167,96.1667,69.53,4.18
229,Châlette-sur-Loing,56,FR,1617749840,75,48.0134,2.7359,36.0,9.84
230,Sibu,40,MY,1617749841,94,2.3,111.8167,77.0,1.43
231,Boa Vista,90,BR,1617749716,88,2.8197,-60.6733,77.0,2.3
232,Taksimo,87,RU,1617749841,88,56.3444,114.8794,16.65,1.43
233,Assiniboia,1,CA,1617749691,20,49.6334,-105.9845,60.8,11.5
234,Muisne,75,EC,1617749841,83,0.6,-80.0333,82.4,2.3
235,Vila Velha,20,BR,1617749842,78,-20.3297,-40.2925,77.0,5.75
236,Gairo,0,IT,1617749842,26,39.8497,9.5047,53.6,18.41
237,Harindānga,20,IN,1617749842,89,22.0383,88.3214,78.8,8.05
238,‘Ewa Beach,20,US,1617749843,44,21.3156,-158.0072,78.8,12.66
239,Mossamedes,76,AO,1617749843,78,-15.1961,12.1522,78.39,4.05
240,Lagoa,99,PT,1617749843,82,39.05,-27.9833,60.06,6.08
241,San Cristobal,40,VE,1617749703,62,7.7669,-72.225,86.0,9.22
242,Nikolskoye,0,RU,1617749844,80,59.7035,30.7861,34.0,6.71
243,Port Pirie,0,AU,1617749844,94,-33.1833,138.0167,57.2,4.61
244,Asău,96,RO,1617749845,60,46.4333,26.4,37.0,0.63
245,Itapissuma,40,BR,1617749845,73,-7.7764,-34.8922,78.8,11.5
246,Kasongo,89,CD,1617749845,96,-4.45,26.6667,69.08,1.39
247,The Valley,20,AI,1617749573,73,18.217,-63.0578,80.6,6.91
248,Meulaboh,99,ID,1617749846,85,4.1363,96.1285,76.8,2.62
249,Plettenberg Bay,91,ZA,1617749575,73,-34.0527,23.3716,63.39,3.15
250,Lambaréné,100,GA,1617749846,94,-0.7001,10.2406,76.35,1.1
251,Lujiang,100,CN,1617749847,82,31.2581,117.2817,57.99,4.47
252,Isangel,20,VU,1617749847,70,-19.55,169.2667,84.2,13.8
253,Castro,49,BR,1617749847,94,-24.7911,-50.0119,59.2,4.65
254,Ratne,58,UA,1617749848,83,51.6683,24.5303,29.73,5.86
255,Tateyama,75,JP,1617749848,66,34.9833,139.8667,53.01,9.22
256,Petropavlovsk-Kamchatskiy,10,RU,1617749848,64,53.0452,158.6483,28.4,8.95
257,Kiryat Gat,85,IL,1617749835,48,31.61,34.7642,69.01,2.17
258,Abu Dhabi,0,AE,1617749796,83,24.4667,54.3667,73.4,4.61
259,Ancud,40,CL,1617749849,94,-41.8697,-73.8203,55.99,12.66
260,Aksu,99,CN,1617749849,43,41.1231,80.2644,50.25,6.38
261,Bayan,0,CN,1617749849,28,46.0833,127.4,30.4,13.31
262,Mae Sai,40,TH,1617749850,100,20.4335,99.8762,64.4,3.44
263,Buin,0,CL,1617749590,46,-33.7333,-70.75,75.2,5.75
264,Tiksi,42,RU,1617749850,96,71.6872,128.8694,-7.46,5.32
265,Manbij,0,SY,1617749850,71,36.5281,37.9549,53.6,4.61
266,Jilib,10,SO,1617749851,78,0.4883,42.7854,80.04,5.93
267,Polyarny,0,RU,1617749851,69,69.1989,33.4478,32.0,11.18
268,Vila Franca do Campo,20,PT,1617749851,94,37.7167,-25.4333,59.0,3.44
269,Rudnogorsk,98,RU,1617749852,97,57.2639,103.7519,29.43,4.21
270,Yeniseysk,100,RU,1617749852,88,58.4497,92.1703,34.18,7.27
271,Podgornoye,0,RU,1617749852,61,51.735,39.1496,44.6,6.71
272,Dingle,87,PH,1617749853,83,10.9995,122.6711,77.09,8.39
273,Mitú,77,CO,1617749853,96,1.1983,-70.1733,73.69,0.76
274,Glenluce,8,GB,1617749853,71,54.8798,-4.8084,37.99,4.0
275,Sidrolândia,75,BR,1617749854,57,-20.9319,-54.9614,80.6,6.91
276,Hasaki,20,JP,1617749854,76,35.7333,140.8333,52.0,6.91
277,Coyhaique,75,CL,1617749854,67,-45.5752,-72.0662,57.2,4.61
278,Sinop Province,100,TR,1617749855,41,41.7711,34.8709,61.47,19.42
279,Mabay,91,PH,1617749855,79,6.0577,124.4666,79.25,2.24
280,Bairiki Village,90,KI,1617749855,94,1.3292,172.9752,75.2,18.41
281,Huarmey,97,PE,1617749856,78,-10.0681,-78.1522,73.08,11.39
282,Khem Karan,40,IN,1617749856,82,31.1428,74.5667,59.0,11.5
283,Price,90,US,1617749857,31,39.5994,-110.8107,48.2,17.27
284,La Maddalena,90,IT,1617749857,70,41.2142,9.4083,53.6,3.44
285,Ipswich,0,GB,1617749632,74,52.0592,1.1555,33.01,9.22
286,Zhangye,22,CN,1617749857,49,38.9342,100.4517,44.29,3.6
287,Bajil,21,YE,1617749858,65,15.0584,43.2851,79.9,2.71
288,Meadow Lake,20,US,1617749858,5,34.8014,-106.5436,75.99,29.93
289,Yangi Marg`ilon,95,UZ,1617749584,81,40.4272,71.7189,48.2,6.91
290,La Palma,75,US,1617749858,64,33.8464,-118.0467,73.0,5.75
291,Gachsaran,0,IR,1617749859,36,30.3586,50.7981,59.0,2.3
292,Teruel,0,ES,1617749859,66,40.6667,-0.6667,51.8,3.44
293,Oleśnica,0,PL,1617749859,74,51.2134,17.3899,34.0,9.22
294,Sitka,90,US,1617749860,87,57.0531,-135.33,35.6,8.05
295,Leningradskiy,56,RU,1617749802,88,69.3833,178.4167,-4.25,8.93
296,Tuatapere,86,NZ,1617749860,82,-46.1333,167.6833,57.99,8.99
297,Qaqortoq,75,GL,1617749860,87,60.7167,-46.0333,35.6,1.14
298,Manokwari,97,ID,1617749861,78,-0.8667,134.0833,80.02,1.68
299,Seymchan,100,RU,1617749861,83,62.8833,152.4333,7.9,2.26
300,Santa Isabel Rio Negro,99,BR,1617749861,99,-0.4139,-65.0192,72.63,2.8
301,Leh,100,IN,1617749862,67,34.1667,77.5833,34.16,6.38
302,Saint-Augustin,100,CA,1617749862,97,51.226,-58.6502,39.15,15.7
303,Bilma,29,NE,1617749862,5,18.6853,12.9164,81.37,5.26
304,Tete,40,MZ,1617749863,57,-16.1564,33.5867,77.0,11.5
305,Rocha,23,UY,1617749863,95,-34.4833,-54.3333,64.51,6.44
306,Eston,20,CA,1617749863,25,51.1501,-108.7514,62.6,6.91
307,Aitape,100,PG,1617749864,88,-3.1374,142.3475,77.85,1.5
308,Karratha,5,AU,1617749864,53,-20.7377,116.8463,80.42,7.4
309,Bubaque,0,GW,1617749864,81,11.2833,-15.8333,77.0,16.82
310,Alpena,90,US,1617749865,55,45.0617,-83.4327,60.8,8.05
311,Verāval,0,IN,1617749865,76,20.9,70.3667,77.49,11.99
312,Kendari,84,ID,1617749865,90,-3.945,122.4989,77.41,2.21
313,Hearst,100,CA,1617749866,71,49.6835,-83.6665,51.8,2.3
314,Necochea,6,AR,1617749866,76,-38.5473,-58.7368,71.01,4.0
315,Qarchī Gak,40,AF,1617749866,58,37.04,66.7889,53.6,4.61
316,Dalnegorsk,63,RU,1617749867,46,44.5604,135.5701,38.05,12.35
317,Ilebo,87,CD,1617749867,98,-4.3167,20.5833,70.36,1.57
318,Malartic,75,CA,1617749689,15,48.1335,-78.1328,55.4,4.61
319,Khātegaon,0,IN,1617749867,19,22.6,76.9167,84.54,6.2
320,Broken Hill,0,AU,1617749868,41,-31.95,141.4333,57.2,5.75
321,Swinford,74,IE,1617749868,91,53.95,-8.95,42.01,1.99
322,Tombouctou,4,ML,1617749868,8,20.0,-3.0,80.55,8.12
323,Celestún,100,MX,1617749869,63,20.8667,-90.4,79.75,18.19
324,Kontagora,3,NG,1617749869,23,10.3999,5.4695,85.87,1.36
325,Kailua,75,US,1617749869,53,21.4022,-157.7394,78.8,14.97
326,Yulara,1,AU,1617749870,55,-25.2406,130.9889,62.6,5.75
327,Huntsville,1,US,1617749640,34,34.7304,-86.5861,78.8,8.05
328,Santa Marta,96,CO,1617749703,73,11.2408,-74.199,84.0,8.99
329,Champerico,75,GT,1617749596,62,14.3,-91.9167,89.6,9.22
330,Yablonovo,0,RU,1617749871,56,50.8523,37.3574,42.8,8.95
331,Barcelona,75,ES,1617749652,72,41.3888,2.159,57.2,10.36
332,Conil,20,FR,1617749871,91,44.9673,3.7177,18.46,6.44
333,Ribeira Grande,13,PT,1617749871,86,38.5167,-28.7,60.48,8.86
334,Olinda,40,BR,1617749872,73,-8.0089,-34.8553,78.8,11.5
335,Coxim,89,BR,1617749872,85,-18.5067,-54.76,73.31,2.55
336,Pochutla,90,MX,1617749872,70,15.7432,-96.4661,84.99,9.22
337,Mount Isa,13,AU,1617749873,47,-20.7333,139.5,82.4,5.75
338,Bariloche,75,AR,1617749839,54,-41.1456,-71.3082,57.2,17.27
339,Doka,72,SD,1617749873,14,13.5167,35.7667,89.08,6.73
340,Deputatsky,84,RU,1617749825,96,69.3,139.9,-7.91,1.45
341,Ahipara,100,NZ,1617749873,62,-35.1667,173.1667,67.8,8.66
342,São Domingos,91,BR,1617749874,61,-13.3983,-46.3183,77.13,4.25
343,Zhangaözen,24,KZ,1617749874,51,43.3,52.8,45.43,11.27
344,Tahe,0,CN,1617749874,54,52.3333,124.7333,16.38,12.55
345,Ha Tinh,29,VN,1617749666,91,18.3333,105.9,71.83,1.74
346,Galle,56,LK,1617749875,85,6.0367,80.217,76.42,8.61
347,Kirovskiy,10,RU,1617749875,40,45.0917,133.5136,34.72,12.44
348,Dongning,45,CN,1617749876,23,44.0622,131.1207,35.71,15.59
349,Mount Gambier,9,AU,1617749876,100,-37.8333,140.7667,51.8,5.84
350,Gezing,75,AT,1617749877,69,47.9178,13.1299,32.0,5.75
351,Alta Floresta,100,BR,1617749877,90,-9.8756,-56.0861,74.28,1.23
352,Sisimiut,38,GL,1617749877,80,66.9395,-53.6735,18.95,5.28
353,Iwanai,100,JP,1617749878,60,42.9744,140.5089,40.82,7.05
354,Te Anau,35,NZ,1617749878,67,-45.4167,167.7167,56.16,0.45
355,Bambous Virieux,75,MU,1617749878,94,-20.3428,57.7575,77.0,3.44
356,Hualmay,96,PE,1617749879,77,-11.0964,-77.6139,72.36,10.18
357,Sittwe,0,MM,1617749879,80,20.15,92.9,76.62,3.69
358,Tranås,75,SE,1617749879,56,58.0372,14.9782,37.4,11.5
359,San Sebastian Coatan,75,GT,1617749879,44,15.7371,-91.5658,77.0,11.5
360,São João da Barra,38,BR,1617749592,80,-21.6403,-41.0511,73.56,9.62
361,Souillac,75,MU,1617749880,94,-20.5167,57.5167,77.0,3.44
362,Talcahuano,90,CL,1617749880,82,-36.7167,-73.1167,60.8,5.75
363,Mokhotlong,87,LS,1617749880,88,-29.2894,29.0675,51.28,5.68
364,Vao,93,NC,1617749881,64,-22.6667,167.4833,75.74,14.47
365,Luanda,75,AO,1617749881,78,-8.8368,13.2343,78.8,18.41
366,Taoudenni,1,ML,1617749881,12,22.6783,-3.9836,83.52,8.59
367,Altamira,99,BR,1617749632,87,-3.2033,-52.2064,76.64,1.72
368,Maragogi,99,BR,1617749869,81,-9.0122,-35.2225,78.17,8.41
369,Nouadhibou,0,MR,1617749882,82,20.931,-17.0347,64.4,13.8
370,Vestmannaeyjar,58,IS,1617749882,49,63.4427,-20.2734,30.87,3.96
371,Lata,66,PT,1617749883,85,40.1629,-8.3327,57.0,0.69
372,Guerrero Negro,97,MX,1617749883,56,27.9769,-114.0611,68.38,19.89
373,Kavaratti,44,IN,1617749884,75,10.5669,72.642,82.63,7.74
374,Ketchikan,100,US,1617749884,86,55.3422,-131.6461,40.05,9.28
375,Naze,20,JP,1617749884,55,28.3667,129.4833,66.2,19.57
376,Birao,11,CF,1617749884,12,10.2849,22.7882,81.28,6.17
377,Perūr,16,IN,1617749885,72,10.9667,76.9,75.04,2.13
378,Lanzhou,96,CN,1617749885,79,36.0564,103.7922,48.0,1.7
379,Takoradze,8,GH,1617749885,88,4.8845,-1.7554,80.35,5.79
380,Mīrānpur,97,IN,1617749886,22,29.3,77.9333,74.93,10.13
381,Auki,100,SB,1617749886,84,-8.7676,160.7034,78.78,6.96
382,Cape Coast,10,GH,1617749886,88,5.1053,-1.2466,80.64,7.99
383,Port Hardy,75,CA,1617749887,71,50.6996,-127.4199,46.4,5.75
384,Tazovsky,100,RU,1617749887,94,67.4667,78.7,28.18,15.37
385,Northam,75,GB,1617749667,74,51.0333,-4.2167,39.99,7.0
386,Pembroke,20,CA,1617749888,15,45.8168,-77.1162,59.0,2.3
387,Povenets,19,RU,1617749888,86,62.8487,34.8262,28.85,12.86
388,Klaksvík,75,FO,1617749870,69,62.2266,-6.589,28.4,23.02
389,Alugan,70,PH,1617749889,80,12.2188,125.4808,78.42,13.0
390,Florianópolis,75,BR,1617749889,88,-27.6146,-48.5012,75.0,2.3
391,Ikot Ekpene,99,NG,1617749889,90,5.1794,7.7108,76.86,5.06
392,Vanimo,99,PG,1617749890,88,-2.6741,141.3028,78.69,1.81
393,Xaçmaz,6,AZ,1617749890,69,41.4635,48.806,44.06,4.72
394,Goya,30,AR,1617749891,90,-29.14,-59.2626,68.47,4.97
395,Erenhot,16,CN,1617749891,47,43.6475,111.9767,39.29,7.81
396,Sadovo,13,BG,1617749891,100,42.1333,24.9333,44.01,4.61
397,Kiruna,20,SE,1617749892,74,67.8557,20.2251,28.4,19.57
398,Merauke,100,ID,1617749698,80,-8.4667,140.3333,80.64,3.76
399,Armidale,92,AU,1617749892,89,-30.5167,151.65,60.01,8.01
400,La Presa,1,US,1617749893,43,32.7081,-116.9973,73.99,6.91
401,Faanui,60,PF,1617749893,62,-16.4833,-151.75,80.65,11.99
402,Al Bardīyah,36,LY,1617749893,85,31.7561,25.0865,59.25,12.97
403,Cabinda,98,AO,1617749893,83,-5.55,12.2,78.67,7.29
404,Tanout,77,NE,1617749894,9,14.9709,8.8879,82.87,8.5
405,Palmer,20,US,1617749894,26,42.1584,-72.3287,66.2,10.36
406,Leer,71,SS,1617749894,43,8.3018,30.1418,84.67,4.63
407,Il'inskoye-Khovanskoye,0,RU,1617749895,65,56.9718,39.7684,37.4,2.24
408,Acaraú,100,BR,1617749895,79,-2.8856,-40.12,80.37,14.07
409,Kunshan,0,CN,1617749895,58,31.3776,120.9543,59.0,4.47
410,Sabang,100,ID,1617749896,73,5.8933,95.3214,81.99,11.5
411,Warren,1,US,1617749896,43,39.4334,-84.1666,75.2,9.22
412,Uray,14,RU,1617749896,98,60.1247,64.7758,21.94,3.0
413,Khani,0,GE,1617749897,76,41.9563,42.9566,53.6,12.66
414,Ballina,90,AU,1617749897,88,-28.8667,153.5667,71.6,11.5
415,Sakakah,0,SA,1617749897,11,29.9697,40.2064,69.8,16.11
416,Anadyr,0,RU,1617749760,71,64.75,177.4833,-7.01,6.71
417,Sansepolcro,100,IT,1617749898,80,43.5747,12.143,39.0,9.31
418,Suamico,1,US,1617749898,47,44.6319,-88.0393,77.0,9.22
419,Wasilla,1,US,1617749899,31,61.5814,-149.4394,28.4,5.75
420,Djibouti,1,DJ,1617749899,61,11.5,42.5,80.6,11.07
421,Poya,100,NC,1617749899,58,-21.35,165.15,80.73,4.83
422,Songjianghe,6,CN,1617749900,36,42.1859,127.479,34.48,9.13
423,São Félix do Xingu,52,BR,1617749900,95,-6.6447,-51.995,73.76,2.15
424,Mongomo,100,GQ,1617749900,96,1.6274,11.3135,66.16,2.66
425,Norsup,80,VU,1617749901,64,-16.0667,167.3833,83.35,13.06
426,Dawson Creek,75,CA,1617749901,39,55.7666,-120.2362,44.6,14.97
427,Fort Saint James,97,CA,1617749902,54,54.4333,-124.25,44.8,7.85
428,Cockburn Town,40,TC,1617749845,64,21.4612,-71.1419,75.2,13.8
429,Simpang,88,ID,1617749902,96,-1.2667,104.0833,74.25,2.55
430,Huilong,100,CN,1617749902,71,31.8111,121.655,57.0,1.01
431,Zheleznodorozhnyy,0,RU,1617749645,75,55.7503,38.0042,42.8,6.71
432,Hamilton,40,US,1617749853,43,39.1834,-84.5333,77.0,10.36
433,Pacifica,20,US,1617749851,55,37.6138,-122.4869,60.8,23.02
434,Marquette,96,US,1617749848,83,46.5333,-87.6335,45.0,5.01
435,Okakarara,8,NA,1617749903,65,-20.5833,17.4333,65.1,4.63
436,Sulphur,75,US,1617749903,57,30.2366,-93.3774,78.8,16.11
437,Pingliang,100,CN,1617749904,82,35.5392,106.6861,47.3,2.73
438,Jijiga,13,ET,1617749904,31,9.35,42.8,61.52,6.76
439,Vaitape,62,PF,1617749904,62,-16.5167,-151.75,80.58,12.08
440,Pavlodar,40,KZ,1617749905,86,52.3,76.95,33.8,2.24
441,Kampong Chhnang,25,KH,1617749905,68,12.1667,104.55,78.3,5.75
442,Kruisfontein,66,ZA,1617749906,95,-34.0033,24.7314,55.99,1.01
443,Sayyan,16,YE,1617749906,19,15.1718,44.3244,54.25,4.38
444,Sibolga,72,ID,1617749906,87,1.7427,98.7792,75.16,3.27
445,Moranbah,18,AU,1617749907,73,-22.0016,148.0466,75.85,13.24
446,City of San Pedro,20,PH,1617749907,89,14.35,121.0167,81.0,1.14
447,Berlevåg,98,NO,1617749907,81,70.8578,29.0864,31.03,22.08
448,Ubari,57,LY,1617749907,22,26.5921,12.7805,72.21,7.36
449,Hudson Bay,6,CA,1617749908,44,52.85,-102.3842,55.04,7.85
450,Chingirlau,96,KZ,1617749908,97,51.095,54.0814,34.9,14.45
451,Talnakh,98,RU,1617749908,98,69.4865,88.3972,15.4,3.06
452,Asahikawa,75,JP,1617749909,86,43.7678,142.3703,30.2,1.14
453,Amalfi,100,CO,1617749909,97,6.9102,-75.0776,62.67,1.52
454,Nicolet,61,CA,1617749909,47,46.2168,-72.6158,57.2,5.75
455,Tres Arroyos,4,AR,1617749910,64,-38.3739,-60.2798,70.12,8.81
456,Encarnación,0,PY,1617749764,73,-27.3333,-55.9,78.8,5.39
457,Chapais,1,CA,1617749910,47,49.7834,-74.8492,53.6,4.61
458,Santa Maria,0,BR,1617749911,64,-29.6842,-53.8069,75.2,5.75
459,Chicama,40,PE,1617749911,88,-7.8447,-79.1469,69.8,11.5
460,Honningsvåg,100,NO,1617749911,88,70.9821,25.9704,32.2,24.27
461,Presidencia Roque Sáenz Peña,30,AR,1617749912,92,-26.7852,-60.4388,73.0,1.99
462,Chiredzi,0,ZW,1617749912,63,-21.05,31.6667,61.97,6.24
463,Laurel,1,US,1617749913,35,39.0993,-76.8483,75.2,3.6
464,Nishihara,20,JP,1617749913,60,26.1842,127.7558,68.0,20.71
465,Lovington,92,US,1617749913,7,32.944,-103.3485,86.0,10.0
466,Batemans Bay,50,AU,1617749914,96,-35.7167,150.1833,70.0,1.01
467,Cururupu,54,BR,1617749682,85,-1.8283,-44.8683,76.6,4.03
468,Avera,1,US,1617749914,24,33.194,-82.5271,80.6,5.75
469,Santa Barbara,1,US,1617749914,55,34.7333,-120.0343,71.01,13.8
470,Paramonga,95,PE,1617749915,80,-10.6667,-77.8333,72.01,9.55
471,Farrukhnagar,40,IN,1617749915,88,17.0778,78.2011,79.0,3.44
472,Arrondissement de Riom,90,FR,1617749915,48,45.9167,2.9167,37.4,9.22
473,Hurghada,0,EG,1617749916,37,27.2574,33.8129,69.8,1.79
474,Qasigiannguit,90,GL,1617749916,79,68.8193,-51.1922,17.6,8.05
475,Eyl,89,SO,1617749917,63,7.9803,49.8164,76.1,9.15
476,Swan Hill,0,AU,1617749917,56,-35.3378,143.5544,64.81,5.61
477,Sémbé,58,CG,1617749917,96,1.6481,14.5806,70.52,2.13
478,Kourou,75,GF,1617749671,100,5.1552,-52.6478,81.0,4.61
479,Hailar,78,CN,1617749918,32,49.2,119.7,29.95,9.53
480,Kirakira,88,SB,1617749918,83,-10.4544,161.9205,81.41,15.52
481,Beyneu,5,KZ,1617749918,55,45.3167,55.2,46.38,8.55
482,Teluk Nibung,100,ID,1617749919,92,3.001,99.8164,74.97,3.65
483,Cabedelo,0,BR,1617749892,83,-6.9811,-34.8339,78.8,8.05
484,Nantucket,97,US,1617749919,87,41.2835,-70.0995,43.0,13.06
485,Bambanglipuro,97,ID,1617749920,89,-7.95,110.2833,76.05,4.5
486,Gouyave,20,GD,1617749920,74,12.1646,-61.7296,82.4,13.8
487,Paamiut,100,GL,1617749920,98,61.994,-49.6678,32.38,1.79
488,Tessalit,0,ML,1617749921,5,20.1986,1.0114,79.39,7.9
489,Ouallam,98,NE,1617749921,6,14.3188,2.0866,88.39,6.6
490,Mangaratiba,90,BR,1617749921,69,-22.9597,-44.0406,77.0,6.91
491,Ushirombo,99,TZ,1617749922,95,-3.4919,31.9639,64.9,5.97
492,Australind,98,AU,1617749922,90,-33.2667,115.7167,57.99,1.01
493,Muravlenko,100,RU,1617749922,97,63.7898,74.523,29.41,16.89
494,Port-Gentil,20,GA,1617749923,94,-0.7193,8.7815,77.0,2.3
495,Mwanza,100,TZ,1617749923,95,-2.5167,32.9,66.09,8.46
496,Ostashkov,100,RU,1617749923,75,57.1467,33.1075,30.69,4.43
497,Hobyo,20,SO,1617749923,55,5.3505,48.5268,80.49,12.12
498,Walvis Bay,0,NA,1617749924,88,-22.9575,14.5053,57.2,2.3
499,Karabulak,17,RU,1617749924,81,43.3036,44.8964,37.4,6.71
500,Ndjolé,100,GA,1617749924,96,-0.1783,10.7649,75.29,2.91
501,Batangafo,93,CF,1617749925,26,7.3008,18.2833,80.98,4.45
502,Coahuayana Viejo,40,MX,1617749925,50,18.7333,-103.6833,80.6,7.18
503,Lillooet,75,CA,1617749925,31,50.6856,-121.942,60.8,14.97
504,Suntar,100,RU,1617749926,94,62.1444,117.6319,18.19,7.02
505,Trairi,87,BR,1617749926,79,-3.2778,-39.2689,80.13,9.78
506,Kot Samaba,0,PK,1617749927,52,28.5522,70.4684,69.13,3.33
507,Province of Mantua,80,IT,1617749927,89,45.1667,10.7833,36.0,6.38
508,Bonfim,100,BR,1617749927,86,3.0833,-59.95,75.94,5.06
509,Lüderitz,0,NA,1617749928,77,-26.6481,15.1594,62.37,8.66
510,Valle de Allende,32,MX,1617749928,6,26.9333,-105.4,88.12,9.64
511,Dalian,0,CN,1617749928,61,38.9122,121.6022,48.2,4.47
512,Ribeira Brava,20,PT,1617749929,72,32.65,-17.0667,64.4,13.8
513,Inhambane,26,MZ,1617749807,72,-23.865,35.3833,72.27,9.42
514,Kozel'sk,100,RU,1617749929,75,54.0375,35.7716,41.0,2.24
515,Acapulco de Juárez,20,MX,1617749687,62,16.8634,-99.8901,86.0,11.5
516,Edd,51,ER,1617749930,25,13.9297,41.6925,87.49,20.15
517,Amapá,100,BR,1617749930,98,1.0,-52.0,72.7,2.33
518,Manresa,89,ES,1617749930,81,41.725,1.8266,53.01,4.0
519,Sahuaripa,16,MX,1617749931,10,29.05,-109.2333,94.5,17.69
520,Oudtshoorn,90,ZA,1617749712,100,-33.5907,22.2014,55.4,6.91
521,Beringovskiy,10,RU,1617749931,83,63.05,179.3167,0.57,8.03
522,Margina,100,RO,1617749931,94,45.85,22.2667,34.2,1.9
523,Kaeo,100,NZ,1617749932,71,-35.1,173.7833,70.0,4.0
524,Oxapampa,100,PE,1617749758,96,-10.5775,-75.4017,60.93,0.58
525,Velikiy Ustyug,76,RU,1617749932,89,60.7644,46.3106,35.62,9.95
526,Labuhan,98,ID,1617749932,87,-6.8844,112.2051,77.5,6.38
527,Ekhabi,100,RU,1617749933,94,53.5102,142.9671,28.74,16.78
528,Liloan,90,PH,1617749933,89,10.3991,123.9992,78.8,8.05
529,São Lourenço do Sul,0,BR,1617749934,89,-31.3653,-51.9783,73.99,3.0
530,Mahabalipuram,20,IN,1617749934,78,12.6264,80.1722,80.6,3.44
531,Rio Grande,0,BR,1617749787,89,-32.035,-52.0986,73.99,3.0
532,Nioro,0,GM,1617749935,50,13.35,-15.75,77.41,8.72
533,Dunedin,75,NZ,1617749936,63,-45.8742,170.5036,60.01,7.0
534,Usinsk,99,RU,1617749936,89,65.9939,57.5281,33.49,14.2
535,Wuwei,94,CN,1617749937,64,37.9281,102.6414,42.44,3.51
536,Kribi,100,CM,1617749937,90,2.95,9.9167,76.93,8.32
537,Green River,90,US,1617749850,75,41.5286,-109.4662,39.99,16.11
538,Chateaubelair,40,VC,1617749938,89,13.2833,-61.25,78.8,9.98
539,Stjørdalshalsen,40,NO,1617749938,93,63.4681,10.9262,36.0,10.36
540,Luwuk,13,ID,1617749938,75,-0.9516,122.7875,80.82,0.81
541,Pisco,0,PE,1617749939,73,-13.7,-76.2167,73.0,25.32
542,Ipixuna,0,BR,1617749939,78,-1.7625,-48.8043,82.4,6.91
543,El Salvador,20,SV,1617749939,51,13.8333,-88.9167,87.8,4.61
544,Slavyanka,20,RU,1617749940,48,42.8633,131.3847,41.04,8.08
545,Harper,86,LR,1617749940,87,4.375,-7.7169,80.06,3.98
546,Mahibadhoo,100,MV,1617749940,63,3.7833,72.9667,83.03,6.08
547,Pemangkat,55,ID,1617749941,84,1.1667,108.9667,78.31,7.02
548,Ushtobe,38,KZ,1617749941,82,45.2514,77.9838,44.19,10.94
549,Andenes,100,NO,1617749942,86,69.3143,16.1194,32.0,24.16
550,Rawson,100,AR,1617749712,88,-43.3002,-65.1023,65.89,11.61
551,Riyadh,0,SA,1617749942,15,24.6877,46.7219,73.4,2.44
